"","X1","gene","baseMean","log2FoldChange","lfcSE","stat","pvalue","padj"
"1",1,"Npbwr1",148.2087681,2.520648602,0.721197338,3.495088609,0.000473904,0.006385991
"2",3,"Mybl1",92.03398661,3.142038034,0.877350926,3.581278529,0.000341917,0.004990428
"3",6,"Pi15",403.3961285,6.439092901,1.655370957,3.889818697,0.000100319,0.001983166
"4",7,"Mcm3",301.8781745,3.492382064,0.897086118,3.893028769,9.9e-05,0.001963274
"5",11,"Plekhb2",1120.512952,2.170134845,0.371856206,5.835951667,5.35e-09,9.39e-07
"6",18,"Rev1",119.1424687,3.03673463,1.040149197,2.919518313,0.003505728,0.027280776
"7",24,"Fhl2",982.7852305,4.699451706,0.633142798,7.422419899,1.15e-13,1.61e-10
"8",25,"Tex30",173.2418308,2.080839047,0.669050089,3.110139407,0.001869991,0.017120362
"9",31,"Hspe1",1944.194675,2.658438268,0.94502969,2.813073807,0.004907039,0.034531262
"10",33,"Mars2",86.871366,2.031638,0.636316079,3.192812609,0.001408943,0.013836455
"11",35,"Sgol2a",70.2891434,4.976388354,1.268374343,3.923438203,8.73e-05,0.001798424
"12",40,"Tmem237",97.05205574,2.295257902,0.646184641,3.552015561,0.000382292,0.005411321
"13",49,"Bard1",50.99527213,4.023402823,1.159496034,3.469958245,0.000520539,0.006786934
"14",51,"Xrcc5",204.955911,2.571469325,0.699282571,3.677296462,0.000235719,0.003731537
"15",72,"Slc16a14",190.0608725,2.669155018,0.998608171,2.672875204,0.007520422,0.047544783
"16",78,"Ugt1a7c",34.53402429,3.479892591,1.252400162,2.778578842,0.005459726,0.037611175
"17",84,"Per2",259.4193386,4.049221955,1.089685951,3.715953163,0.000202439,0.003327579
"18",85,"Gpr35",195.5471895,2.352506799,0.8312347,2.830135458,0.00465283,0.033244698
"19",91,"Rnf152",333.6441654,3.20804502,0.76693034,4.182967934,2.88e-05,0.000796773
"20",93,"Serpinb12",2252.924184,3.047308447,1.029903829,2.958828157,0.003088113,0.024927102
"21",95,"Serpinb3a",1093.79082,3.657004469,1.336330057,2.736602721,0.006207721,0.041176722
"22",96,"Serpinb3b",3846.594613,4.002223988,0.906580931,4.414635087,1.01e-05,0.000353419
"23",97,"Serpinb3c",89.00718533,2.43482196,0.913708992,2.664767428,0.007704158,0.04821059
"24",98,"Serpinb2",3463.61961,2.40794702,0.47064523,5.116267773,3.12e-07,2.41e-05
"25",102,"Dbi",13130.96175,2.059049823,0.638846684,3.223073506,0.00126823,0.01283175
"26",104,"Mcm6",441.1367973,2.474273034,0.722723848,3.42353866,0.000618115,0.007575601
"27",114,"Ppp1r12b",54.6879737,6.481519063,2.283379283,2.838564364,0.004531698,0.032652445
"28",115,"Ube2t",53.57721736,4.328071108,1.402633397,3.085675215,0.002030905,0.018231883
"29",117,"Phlda3",1660.507605,2.048567744,0.572735097,3.576815452,0.000347806,0.005036614
"30",120,"Kif14",46.47533683,4.527114085,1.302870214,3.474723756,0.00051138,0.006733728
"31",122,"Aspm",132.6927976,5.554947949,1.234361971,4.500258497,6.79e-06,0.000257557
"32",125,"Rnasel",270.0710935,4.913349679,0.854144054,5.75236654,8.8e-09,1.35e-06
"33",134,"Uck2",451.2584838,2.759970997,0.74952566,3.682290206,0.000231148,0.003696685
"34",136,"Ddr2",829.6566648,2.647631489,0.95507894,2.772159847,0.005568568,0.038155742
"35",143,"Kcnj9",6.659143045,9.405382537,3.129055597,3.005821483,0.002648644,0.022171578
"36",147,"Ifi203",121.3142075,4.168527647,1.162857996,3.584726305,0.000337432,0.004957926
"37",148,"Ifi202b",919.0520634,6.338791447,1.11587722,5.680545615,1.34e-08,1.91e-06
"38",149,"Exo1",41.4258971,3.956649948,1.47677678,2.679247129,0.007378791,0.046958444
"39",154,"Ephx1",495.6583564,2.235879294,0.757771111,2.950599806,0.003171576,0.025413944
"40",157,"Enah",1939.611274,2.585621725,0.492160531,5.253614543,1.49e-07,1.37e-05
"41",159,"Capn2",854.9574618,3.130752172,0.622720372,5.027540955,4.97e-07,3.35e-05
"42",163,"Cenpf",146.1074447,3.33241865,1.0427882,3.195681204,0.001395012,0.013717167
"43",164,"Nsl1",49.59805563,3.238230092,1.194262732,2.71148886,0.006698179,0.043713085
"44",165,"Dtl",98.93589417,4.288039812,1.256977275,3.411390085,0.000646326,0.007833894
"45",171,"Fbxo5",137.3420653,2.462501996,0.847007643,2.907296075,0.00364568,0.028071368
"46",175,"Fbxo30",956.0933298,2.272290775,0.528785524,4.297187938,1.73e-05,0.00052999
"47",185,"Cenpw",54.936333,3.646789924,1.244195456,2.931042631,0.003378264,0.026541011
"48",190,"Marcks",1771.992333,2.166224867,0.604968193,3.580725219,0.000342642,0.004996264
"49",191,"Tube1",34.51046427,3.954679542,1.221001885,3.238880783,0.001199997,0.012361097
"50",195,"Cd24a",7856.760752,3.359637407,0.748178356,4.490423147,7.11e-06,0.000266453
"51",212,"Zfp365",180.5460441,3.920496375,0.497398823,7.881997695,3.22e-15,5.5e-12
"52",215,"Cdk1",376.1429062,4.187571329,1.156571467,3.620676671,0.000293834,0.004431725
"53",221,"Slc19a1",69.24154961,4.08791795,1.348775281,3.030836943,0.002438769,0.020805967
"54",222,"Adarb1",318.0014914,2.915090058,0.67523545,4.31714605,1.58e-05,0.000495759
"55",238,"Icosl",199.2971745,3.211769874,0.957755982,3.353432332,0.000798159,0.009168094
"56",256,"Parpbp",24.29571917,6.457709848,2.065648463,3.126238545,0.001770579,0.016402666
"57",257,"Nup37",134.6834743,2.734078045,0.857825701,3.187218617,0.001436482,0.014053014
"58",261,"Apaf1",121.0810366,4.147332684,0.889520522,4.662436201,3.12e-06,0.00014732
"59",263,"Elk3",289.7202428,2.92018775,0.967471814,3.018369844,0.002541385,0.021481635
"60",267,"Kitl",130.7995971,5.322257835,1.340813673,3.969423897,7.2e-05,0.001561755
"61",269,"Nav3",88.67698092,4.343797264,1.259649225,3.44841816,0.00056388,0.007144498
"62",270,"E2f7",72.26423144,3.866613802,1.320509114,2.928123525,0.003410145,0.026740063
"63",277,"Mdm1",97.14567922,2.098982514,0.654192604,3.208508473,0.001334254,0.013324332
"64",278,"Grip1",135.4755206,2.3777868,0.843412023,2.819246981,0.004813646,0.034061202
"65",285,"Timeless",181.3417347,2.627800486,0.725098243,3.624061304,0.000290013,0.004391337
"66",289,"Cdk2",437.2722186,2.071081343,0.566857947,3.653616137,0.000258573,0.004002019
"67",291,"Cd63",1603.790202,2.118259514,0.608069477,3.483581391,0.000494753,0.006600567
"68",303,"Ppia",20464.4241,2.063779381,0.650875837,3.170772773,0.00152034,0.014753867
"69",306,"Fignl1",101.7532547,4.828148023,1.478869318,3.264756368,0.001095583,0.011596426
"70",309,"Plek",170.6296005,3.659897672,1.237682674,2.957056561,0.003105911,0.025018214
"71",315,"Gm12070",2037.254646,3.178968003,0.996708845,3.189465026,0.001425364,0.013970929
"72",324,"Hmmr",98.38269113,3.534877739,1.045624429,3.380638059,0.000723177,0.008518554
"73",325,"Ccng1",2052.060679,4.342951106,0.783574393,5.542487277,2.98e-08,3.73e-06
"74",351,"Grap",136.7429173,2.399598846,0.886556089,2.706652039,0.006796545,0.044111531
"75",361,"Aurkb",114.2204205,5.399236783,1.03696952,5.20674589,1.92e-07,1.68e-05
"76",366,"Sox15",74.76471131,4.555207595,1.150736665,3.958514345,7.54e-05,0.001612087
"77",374,"Pitpnm3",217.5510151,4.747940699,1.084173183,4.379319441,1.19e-05,0.000400369
"78",390,"Spag5",119.4827068,4.311572385,0.989592167,4.356918463,1.32e-05,0.000433177
"79",400,"Slfn10-ps",41.10323892,5.561098916,1.606614841,3.461376539,0.000537421,0.006914214
"80",401,"Slfn2",727.5871434,2.776735108,0.979254341,2.835560685,0.004574532,0.03286571
"81",407,"Znhit3",172.1870253,2.853504918,0.798075977,3.57548028,0.000349586,0.005049605
"82",411,"Brip1",39.28871872,7.210860876,2.005286042,3.595926329,0.000323239,0.004790612
"83",413,"Ints2",226.5586845,2.47301378,0.850161972,2.908873676,0.003627334,0.028014319
"84",416,"Prr11",61.22803888,3.584997887,1.189400835,3.014120875,0.002577251,0.021668365
"85",417,"Ska2",99.02326405,2.025252162,0.660355243,3.066913124,0.002162817,0.019094034
"86",419,"Coil",181.8129599,2.06416243,0.619348738,3.332795083,0.000859782,0.009673008
"87",420,"Tom1l1",280.8294323,2.594237752,0.801071661,3.238459027,0.001201773,0.012371096
"88",423,"Gm11545",57.00237223,4.111450113,0.944912668,4.35114297,1.35e-05,0.000438194
"89",431,"Gpr179",31.98247744,9.367887702,2.537514084,3.691757914,0.000222709,0.003584105
"90",439,"Top2a",715.9100526,4.702564145,0.814149616,5.776044171,7.65e-09,1.25e-06
"91",485,"Krt14",126061.5722,4.208441636,0.812196646,5.181555054,2.2e-07,1.89e-05
"92",486,"Krt16",93444.63242,5.882104185,0.908576793,6.473975817,9.55e-11,3.55e-08
"93",491,"Psmc3ip",50.2732558,3.965331122,1.235344904,3.209897988,0.001327821,0.013282452
"94",499,"BC030867",29.76105672,7.602236043,2.446990367,3.10676991,0.001891436,0.017211098
"95",501,"Kif18b",65.9044183,6.329850716,1.409155732,4.491945478,7.06e-06,0.000265309
"96",508,"Kpna2",1753.806091,2.136313305,0.540184828,3.954782129,7.66e-05,0.001632917
"97",518,"Fads6",25.60031194,4.098099453,1.302199005,3.147060807,0.001649207,0.015644424
"98",529,"Tk1",263.764092,2.803291921,0.919578717,3.048452371,0.002300234,0.020006957
"99",530,"Birc5",390.307357,4.407958025,1.144690958,3.85078435,0.00011774,0.002253485
"100",539,"Dcxr",87.35768115,3.004555324,0.766385227,3.920424372,8.84e-05,0.001808846
"101",544,"Adcy3",181.3072988,2.930478719,1.090562756,2.687125251,0.007206992,0.046055827
"102",546,"Wdr35",110.4813704,4.144772536,0.902380057,4.593156179,4.37e-06,0.000188093
"103",547,"Vsnl1",57.3330263,4.636809925,1.603580292,2.891535863,0.003833638,0.029126222
"104",550,"Pqlc3",329.0266581,3.816474899,0.578634406,6.595658437,4.23e-11,2.1e-08
"105",553,"Rrm2",613.7082134,3.004135344,0.65010719,4.620984644,3.82e-06,0.00017113
"106",557,"Twistnb",305.2086424,2.084853346,0.586958597,3.551959805,0.000382373,0.005411321
"107",565,"Mis18bp1",65.09605081,3.031341303,1.058183454,2.864665188,0.004174504,0.030714763
"108",568,"L3hypdh",101.9507092,3.413333209,1.216021478,2.806967862,0.005001023,0.035064199
"109",569,"Hif1a",2694.554575,2.326564915,0.452502186,5.141555084,2.72e-07,2.21e-05
"110",570,"Churc1",632.9908288,2.689798019,0.885754266,3.036731655,0.002391583,0.02056013
"111",582,"Slirp",419.2071791,2.600904823,0.875775682,2.969829918,0.002979647,0.024268251
"112",583,"BB287469",9.010134039,10.28834147,3.049684833,3.373575314,0.000741987,0.008685152
"113",584,"Gm2016",9.759071675,7.55753736,2.793199435,2.705691998,0.006816223,0.044201914
"114",590,"Itpk1",294.5889618,3.392808124,0.656953601,5.164456238,2.41e-07,2.01e-05
"115",596,"Bdkrb2",39.01596046,5.8047644,1.557742869,3.726394462,0.000194238,0.003240302
"116",599,"Siva1",166.6676343,3.101502989,1.116977781,2.776691749,0.005491523,0.037779418
"117",603,"Ncapg2",171.4603689,3.524537073,0.934187828,3.772835578,0.000161403,0.00285638
"118",604,"Itgb8",108.2156778,5.295051244,1.348545307,3.926491172,8.62e-05,0.001785332
"119",610,"Gpr141",100.3356136,3.550665865,0.969543826,3.662202542,0.000250056,0.003885855
"120",611,"Hist1h2bl",107.2559098,2.491203716,0.92601756,2.690233774,0.007140198,0.045705
"121",612,"Hist1h2bn",66.07760376,3.053950604,0.890274216,3.430348254,0.000602807,0.007444626
"122",613,"Hist1h2bp",37.60736833,2.88433001,0.867396332,3.325273467,0.000883318,0.009847186
"123",614,"Hist1h2bk",121.3998228,3.05097042,0.963659868,3.166024157,0.00154538,0.014919592
"124",615,"Hist1h2bg",75.82899052,3.350780619,0.884890882,3.786659674,0.000152686,0.002745088
"125",616,"Hist1h2be",80.85460781,2.997062515,0.862679613,3.474131612,0.00051251,0.006733728
"126",617,"Gmnn",280.9578857,2.834145978,0.975661916,2.904844322,0.003674358,0.028221494
"127",622,"Serpinb1a",582.0858182,7.77919055,1.058882335,7.346605277,2.03e-13,2.23e-10
"128",623,"Serpinb6c",1333.947054,5.160535518,1.325561779,3.893093177,9.9e-05,0.001963274
"129",624,"Serpinb6a",3468.774243,2.753064552,0.816967419,3.369858439,0.000752068,0.008769753
"130",625,"Tubb2a",4453.246481,2.177136204,0.502234954,4.334895825,1.46e-05,0.000467902
"131",626,"Tubb2b",1966.320901,2.123062569,0.496016651,4.280224396,1.87e-05,0.000563382
"132",627,"Rpp40",50.02183906,2.663739172,0.960461552,2.773394902,0.005547476,0.038028168
"133",629,"Eef1e1",526.6265614,2.148919158,0.708343898,3.033722976,0.002415561,0.020705389
"134",641,"Cks2",399.0796596,3.320587388,1.058406617,3.137345642,0.00170485,0.016064894
"135",646,"Mxd3",59.82434411,3.479835286,1.112235409,3.128685941,0.001755899,0.016315845
"136",662,"Ttc37",649.3569469,2.622965818,0.676349445,3.878122229,0.000105266,0.00206061
"137",673,"Ccnb1",257.8849283,5.995136082,1.04044974,5.762062164,8.31e-09,1.32e-06
"138",677,"Smim15",632.6458488,2.263372117,0.632402709,3.579004461,0.000344906,0.005014999
"139",684,"Slc4a7",228.8806601,2.890124649,0.539743983,5.354621343,8.57e-08,9.03e-06
"140",694,"Gnl3",959.9555252,2.043897764,0.539267982,3.790133724,0.000150566,0.002712839
"141",695,"Nt5dc2",487.971445,3.914690344,0.810057191,4.832609827,1.35e-06,7.56e-05
"142",696,"Stab1",756.0451625,4.366877427,0.799247271,5.463737678,4.66e-08,5.47e-06
"143",699,"Cdhr1",260.5591797,6.399883143,1.638011139,3.907105997,9.34e-05,0.001886453
"144",701,"Gnpnat1",232.4036059,2.217326369,0.800125208,2.771224238,0.005584595,0.038248505
"145",703,"Cdkn3",37.52262531,5.032035381,1.406914498,3.576646192,0.000348031,0.005036614
"146",705,"Wdhd1",83.96035377,3.183107867,0.983932668,3.235087086,0.001216056,0.012434844
"147",707,"Dlgap5",107.0027318,2.175523309,0.619580881,3.511282185,0.000445951,0.00608147
"148",708,"Ccnb1ip1",74.00442992,5.645891481,1.573062395,3.589108416,0.000331811,0.004884675
"149",709,"Rnase4",2666.223102,2.538484782,0.523502026,4.849044807,1.24e-06,7.09e-05
"150",722,"Xpo4",62.07783389,2.819431073,0.845341322,3.335257605,0.000852204,0.009614014
"151",725,"Nupl1",284.8206258,2.812852806,0.632808588,4.445029441,8.79e-06,0.000317048
"152",730,"Mtmr9",280.2031201,2.63043147,0.648293012,4.057473118,4.96e-05,0.00118202
"153",733,"Pbk",127.2093349,4.737798091,1.187211333,3.990694798,6.59e-05,0.001459883
"154",734,"Esco2",107.6789213,6.639667557,1.351095738,4.914283547,8.91e-07,5.46e-05
"155",738,"Tnfrsf10b",93.713802,3.275378662,0.845753831,3.872732872,0.000107622,0.002091073
"156",741,"Slc39a14",197.2545076,2.625183815,0.685941889,3.827122759,0.00012965,0.002421129
"157",742,"Piwil2",70.841192,4.224256582,1.147373443,3.681675401,0.000231706,0.003697917
"158",748,"Mzt1",926.2369668,2.058458184,0.505034927,4.07587292,4.58e-05,0.001121675
"159",749,"Bora",139.813437,2.997390231,0.844623245,3.548789649,0.000387006,0.005441809
"160",750,"Dis3",216.8051837,2.138429926,0.765726013,2.792682877,0.005227291,0.036335702
"161",757,"Rap2a",348.6445629,2.344207026,0.498876721,4.698970561,2.61e-06,0.000129216
"162",761,"Osmr",807.6742215,2.128717813,0.500398477,4.254045344,2.1e-05,0.000618125
"163",762,"Lifr",264.7989082,2.376798603,0.638085852,3.724888424,0.000195402,0.003243118
"164",767,"Fam105a",277.6673345,3.587308838,0.604219255,5.937097846,2.9e-09,5.72e-07
"165",775,"Kcnv1",21.88993158,7.546977672,2.422390473,3.115508319,0.001836282,0.016909415
"166",782,"Gsdmc",7263.954308,5.188577381,1.51578244,3.423035684,0.000619259,0.007583585
"167",783,"Gsdmc3",495.7453967,5.996137171,1.67302088,3.584018132,0.000338349,0.004966647
"168",784,"Gsdmc4",1219.399396,4.844974688,1.675316063,2.891976502,0.003828266,0.029126222
"169",785,"Fam49b",471.7988826,2.368246601,0.795591838,2.97671053,0.00291359,0.023882111
"170",789,"Ptp4a3",797.7882333,4.443295733,1.019456841,4.358493224,1.31e-05,0.000431918
"171",793,"Ly6a",3904.102712,3.667931658,0.963299354,3.80767582,0.000140279,0.002548402
"172",818,"3-Sep",55.16769511,3.205945426,1.150751936,2.785957013,0.005336995,0.036947871
"173",825,"Tspo",856.4785056,4.383644491,1.354919519,3.235354153,0.001214919,0.012431488
"174",832,"Gtse1",85.0574314,3.971450927,1.072445211,3.703173724,0.000212919,0.003466474
"175",840,"Cpne8",252.1542502,3.078121457,0.658683572,4.673141378,2.97e-06,0.00014158
"176",842,"Pus7l",95.37496504,2.002657781,0.590877233,3.389295897,0.000700724,0.008354864
"177",846,"Troap",37.19173726,7.093365763,2.078820966,3.412206187,0.000644394,0.007827014
"178",847,"Racgap1",270.0025044,3.993446172,0.972496382,4.106386661,4.02e-05,0.001017586
"179",861,"Gm5414",3168.082252,7.778520671,1.682239012,4.623909335,3.77e-06,0.000169227
"180",862,"Gm5478",3319.716294,6.686335605,1.768716061,3.78033295,0.000156619,0.00280024
"181",863,"Krt6b",77131.44744,6.576869115,1.399886298,4.698145218,2.63e-06,0.000129324
"182",864,"Krt6a",79923.79665,6.518783357,1.094647965,5.95514135,2.6e-09,5.25e-07
"183",865,"Krt5",45900.42066,3.100315731,1.034775475,2.996124093,0.002734351,0.022674852
"184",870,"Krt1",315756.6613,3.196885553,0.800987751,3.991179078,6.57e-05,0.001459883
"185",874,"Aaas",270.7579374,2.040494676,0.635689682,3.209891139,0.001327853,0.013282452
"186",877,"Cbx5",544.1529134,2.189627911,0.616770786,3.550148551,0.000385014,0.005423719
"187",886,"Cpped1",287.74108,3.126453176,0.603851514,5.177519807,2.25e-07,1.91e-05
"188",888,"Snai2",360.630922,2.211873359,0.648034588,3.41320263,0.000642042,0.007818971
"189",889,"Mcm4",438.3182211,2.827484749,0.595674064,4.746697764,2.07e-06,0.000109202
"190",902,"Snora81",11.81291445,5.38359778,1.971793917,2.730304488,0.006327585,0.041773479
"191",904,"Trp63",3593.431976,2.007216579,0.649498058,3.090411982,0.00199879,0.017985603
"192",919,"Fam162a",5499.542188,3.667586057,0.853283119,4.298205337,1.72e-05,0.000529933
"193",920,"Stfa2l1",86.33946046,4.382993299,1.494911294,2.931942061,0.003368496,0.026508148
"194",921,"Stfa1",22360.66911,8.421190345,2.073877163,4.060602283,4.89e-05,0.001177812
"195",922,"BC117090",39444.336,7.695190354,2.076138377,3.706492034,0.00021015,0.003432299
"196",923,"BC100530",141386.3569,7.792573276,1.684358086,4.626435044,3.72e-06,0.000167668
"197",924,"Stfa3",57820.69591,6.166539006,1.470413637,4.193744433,2.74e-05,0.000766145
"198",925,"Cd86",151.327281,2.906370716,0.798669024,3.639017701,0.00027368,0.004172805
"199",929,"Cd80",11.81239886,10.06468076,3.090866344,3.256265281,0.001128882,0.011826715
"200",933,"Cd200",507.5290837,2.306609103,0.42870092,5.380462217,7.43e-08,7.98e-06
"201",938,"C330027C09Rik",251.9308097,2.177330996,0.629963849,3.456279277,0.000547688,0.006997016
"202",940,"5330426P16Rik",33.32490707,3.139856317,1.094305502,2.869268509,0.004114224,0.030487707
"203",941,"Cblb",1052.25387,2.535762969,0.642231691,3.948361633,7.87e-05,0.0016612
"204",946,"Filip1l",1138.177446,2.905052037,0.87108035,3.334998931,0.000852997,0.009614014
"205",980,"Mis18a",202.5539713,2.616567173,0.812367443,3.220915852,0.001277817,0.012894789
"206",985,"Wrb",146.1004622,2.593997424,0.732693182,3.540359712,0.000399582,0.005572755
"207",990,"Dynlt1a",319.7947078,2.468001175,0.741116839,3.33011078,0.000868114,0.009724526
"208",991,"Dynlt1b",445.7076568,2.903665437,0.722733396,4.017616254,5.88e-05,0.001346559
"209",1000,"Zfp52",105.6658121,3.112132095,0.701886974,4.433950494,9.25e-06,0.00033069
"210",1001,"2210404O09Rik",81.0493396,2.117603431,0.701338466,3.019374431,0.002532973,0.021472288
"211",1010,"Hn1l",347.2750919,2.177679564,0.704290198,3.092020262,0.001987993,0.017930435
"212",1014,"Chtf18",41.30237293,2.768842997,1.032796713,2.680917709,0.007342057,0.046782783
"213",1015,"Wdr90",116.2993639,3.113871683,0.91246491,3.41259335,0.000643479,0.007827014
"214",1018,"Neurl1b",198.7963303,2.352439933,0.710131668,3.312681352,0.000924062,0.010170754
"215",1019,"Bak1",358.4093564,2.321848702,0.568165602,4.086570351,4.38e-05,0.001085242
"216",1024,"Dnah8",74.64880683,3.283023928,0.977901159,3.357214478,0.00078732,0.00908587
"217",1029,"Cyp4f17",86.51419454,3.862131255,1.018871761,3.790596033,0.000150286,0.002710973
"218",1030,"Cyp4f16",158.3358688,2.555110823,0.716285564,3.567167834,0.00036086,0.005178397
"219",1033,"Kifc1",216.373253,3.252541074,0.957615022,3.396501725,0.000682531,0.008195174
"220",1074,"Trem1",22.02437701,13.37063405,3.307062165,4.043054948,5.28e-05,0.001239842
"221",1078,"Sgol1",111.4571932,4.37451057,1.099648939,3.978097386,6.95e-05,0.001518731
"222",1079,"Uhrf1",330.0416583,3.185428276,0.995586404,3.199549796,0.001376424,0.013621546
"223",1084,"Rab31",1265.075164,2.405953699,0.626740163,3.838837591,0.000123618,0.00233115
"224",1090,"Ndc80",77.66913268,4.88618176,1.200263597,4.070923897,4.68e-05,0.001136943
"225",1092,"Xdh",1443.323533,3.739218736,0.716116433,5.221523432,1.77e-07,1.58e-05
"226",1095,"Pigf",266.1361637,2.306463868,0.519591801,4.438992035,9.04e-06,0.000324549
"227",1100,"Crem",151.5705127,2.135806035,0.689352918,3.098276628,0.001946496,0.0176182
"228",1105,"Mib1",159.5763488,2.796330086,0.987069533,2.832961601,0.004611893,0.033028973
"229",1109,"Dsg3",902.0277586,2.924217728,1.061818154,2.753972249,0.005887676,0.03965718
"230",1114,"Kif20a",73.63375685,3.406472186,1.142853469,2.980672743,0.00287616,0.023625707
"231",1115,"Cdc25c",32.48867162,5.034943108,1.489521701,3.380241527,0.000724222,0.008522635
"232",1120,"Pcdhb22",32.15108563,2.717748637,0.956087246,2.842573884,0.004475086,0.032381164
"233",1121,"Pcdhga6",24.20403948,4.718066992,1.609755388,2.930921696,0.00337958,0.026541011
"234",1124,"Dpysl3",451.2946846,2.018981775,0.760438362,2.655023571,0.007930287,0.049224789
"235",1126,"Spink12",115.8205682,5.680000676,1.144076011,4.964705686,6.88e-07,4.35e-05
"236",1134,"Smim3",265.7288439,3.322804193,1.065866994,3.117466073,0.001824129,0.016817663
"237",1141,"Spink7",567.9067914,10.86030066,2.089641902,5.197206587,2.02e-07,1.76e-05
"238",1145,"Pmaip1",590.2201421,3.719369256,0.657612666,5.655866205,1.55e-08,2.15e-06
"239",1150,"Ska1",59.0304095,3.877496096,1.284835128,3.0178939,0.00254538,0.021494476
"240",1170,"Rnaseh2c",90.0415385,2.305228774,0.823489631,2.799341589,0.005120694,0.035711912
"241",1172,"Cdca5",75.53799509,3.185302851,1.075356014,2.962091446,0.00305557,0.024716346
"242",1185,"Psat1",1602.513061,2.15398848,0.486246708,4.429826348,9.43e-06,0.000336296
"243",1187,"Gda",775.5646258,3.272789439,0.589759948,5.5493586,2.87e-08,3.61e-06
"244",1192,"Vldlr",369.6824615,2.20210541,0.827120592,2.662375271,0.007759132,0.04847565
"245",1198,"Il33",865.0984909,2.340601972,0.79640027,2.938976869,0.003292976,0.026127907
"246",1203,"Kif20b",73.85061546,3.713924789,1.154255131,3.217594351,0.001292705,0.01301086
"247",1204,"Fgfbp3",233.2955158,2.437089832,0.535239167,4.553272598,5.28e-06,0.00021475
"248",1205,"Kif11",174.2793762,4.01531247,0.852425289,4.710456768,2.47e-06,0.000124955
"249",1206,"Myof",827.8060579,2.562090589,0.685457502,3.737781817,0.000185651,0.003170299
"250",1207,"Cep55",147.3357777,6.345478926,1.093518162,5.80281073,6.52e-09,1.1e-06
"251",1208,"Hells",136.87302,4.043498102,1.210499637,3.340354659,0.000836715,0.009484535
"252",1230,"Gsto1",1848.849981,4.625131978,0.542586137,8.524235443,1.54e-17,5.91e-14
"253",1234,"Olah",477.5442549,3.975204437,0.668405713,5.947292726,2.73e-09,5.44e-07
"254",1235,"Suv39h2",92.11609484,2.134310655,0.658340661,3.241954786,0.001187129,0.01226141
"255",1242,"Arl5b",647.8622844,2.238589726,0.57561754,3.889022778,0.000100649,0.001983166
"256",1245,"Mastl",69.64281209,3.232141408,1.21939757,2.650605092,0.008034773,0.049672736
"257",1252,"Kcnt1",24.07228193,13.24573901,3.41804511,3.875238208,0.00010652,0.002077554
"258",1278,"Stom",2250.946483,4.241439256,0.743872712,5.701834723,1.19e-08,1.72e-06
"259",1289,"Fmnl2",148.5681002,3.306404456,0.759765994,4.351872134,1.35e-05,0.000438194
"260",1293,"Dpp4",478.1403544,2.361904048,0.631127812,3.742354566,0.000182304,0.003123557
"261",1297,"Spc25",102.1109265,5.564301169,1.303196589,4.269732759,1.96e-05,0.000586321
"262",1304,"Nfe2l2",1939.060076,2.022118145,0.421135773,4.801582472,1.57e-06,8.61e-05
"263",1309,"2700094K13Rik",253.7636529,3.531593047,1.033492749,3.417143517,0.000632819,0.007718886
"264",1313,"4833423E24Rik",2258.581819,2.612361506,0.619133757,4.219381478,2.45e-05,0.000697222
"265",1321,"Fjx1",58.32988579,2.923524269,1.07812904,2.711664522,0.006694631,0.043713085
"266",1325,"Platr14",15.88601149,4.656658843,1.486303624,3.13304682,0.001730018,0.016221627
"267",1326,"Prrg4",360.4120955,3.406688215,1.129476753,3.016164969,0.002559939,0.02158351
"268",1329,"Kif18a",59.52920451,3.286522567,1.15710227,2.840304313,0.004507052,0.032535874
"269",1333,"Thbs1",1990.323885,3.804699657,0.950040321,4.004777033,6.21e-05,0.001394804
"270",1335,"Bub1b",143.0991913,3.585524227,1.094386271,3.276287652,0.001051814,0.011249357
"271",1336,"Knstrn",216.2440912,3.521058905,1.027743654,3.426008899,0.00061252,0.00752504
"272",1337,"Rad51",131.8010017,3.868014469,0.956561578,4.043664891,5.26e-05,0.001238514
"273",1340,"Nusap1",173.1519105,3.665551182,0.982647137,3.730282258,0.000191265,0.003222065
"274",1345,"Duoxa1",483.1714173,4.009836897,0.466714967,8.59161839,8.58e-18,5.91e-14
"275",1346,"Duox1",325.0396139,4.834348096,0.768051782,6.294299695,3.09e-10,8.79e-08
"276",1348,"Dut",234.8867912,3.202733028,1.042811961,3.071246924,0.002131668,0.018937343
"277",1350,"Ncaph",95.61415386,2.554971923,0.920760702,2.774849009,0.005522734,0.037928627
"278",1354,"Bub1",105.6230487,6.049979424,1.316612652,4.595109591,4.33e-06,0.000187541
"279",1358,"Tgm3",2466.705245,2.433359719,0.820575007,2.965432409,0.003022578,0.024488136
"280",1368,"Thbd",737.9001864,6.370116805,0.833220704,7.645173447,2.09e-14,3.21e-11
"281",1371,"Tpx2",234.0471775,2.659122951,0.764446518,3.478494426,0.000504239,0.006674977
"282",1380,"Rbl1",355.0120202,2.283491465,0.513209178,4.449436141,8.61e-06,0.000312078
"283",1383,"Ada",296.6349931,4.737587185,0.929882032,5.094826035,3.49e-07,2.59e-05
"284",1386,"Ube2c",292.6142242,4.652439532,1.127963407,4.124636937,3.71e-05,0.000961107
"285",1390,"B4galt5",85.77304775,6.07165324,2.206244921,2.752030467,0.005922701,0.039784088
"286",1393,"Pfdn4",399.2697206,2.332961416,0.861866299,2.70687161,0.006792052,0.044107264
"287",1399,"Kcnq2",11.45703861,9.251996758,2.837532176,3.260578624,0.001111851,0.01170414
"288",1403,"Fabp5",59542.01475,2.409747933,0.575396922,4.187975012,2.81e-05,0.000780808
"289",1408,"Ect2",181.5904248,6.608361996,1.300439344,5.081638006,3.74e-07,2.7e-05
"290",1411,"Atp11b",2050.943488,2.422967517,0.580417715,4.17452372,2.99e-05,0.000819525
"291",1412,"Ccna2",242.6199006,4.392961404,1.148292208,3.825647664,0.000130429,0.002429769
"292",1413,"Hspa4l",636.0713341,2.814639534,0.62339461,4.515020643,6.33e-06,0.000245712
"293",1417,"Mgst2",918.3506551,5.190373583,0.721169243,7.197164373,6.15e-13,5.91e-10
"294",1421,"Aadacl2",966.4196656,2.010638412,0.535828085,3.752394601,0.000175153,0.0030383
"295",1423,"P2ry1",384.9199081,2.421880297,0.799715469,3.028427475,0.002458301,0.020931648
"296",1427,"Tiparp",822.1364083,2.546752618,0.446039406,5.709703183,1.13e-08,1.67e-06
"297",1428,"Lekr1",56.30632727,3.020892689,0.901903763,3.349462339,0.000809686,0.009272771
"298",1437,"4930579G24Rik",40.64800869,4.152230036,1.1408432,3.639615011,0.000273046,0.004167273
"299",1438,"Lrat",435.4032043,3.393611591,0.565113272,6.005188265,1.91e-09,4.02e-07
"300",1444,"Iqgap3",104.7731369,2.581879052,0.85022852,3.036688361,0.002391926,0.02056013
"301",1466,"Sprr1b",11303.92769,5.51764653,1.690951615,3.26304223,0.001102231,0.011626759
"302",1492,"Phgdh",567.8627745,3.233838942,0.704497711,4.590276007,4.43e-06,0.000188736
"303",1497,"Igsf3",821.8701083,3.624126377,0.652357677,5.555428414,2.77e-08,3.52e-06
"304",1498,"Atp1a1",5723.980645,2.681170813,0.638139973,4.201540297,2.65e-05,0.000746227
"305",1499,"Ngf",73.57543985,5.123089267,0.948436352,5.401616311,6.6e-08,7.36e-06
"306",1508,"Gstm6",90.98811527,2.701585198,0.634496995,4.257837657,2.06e-05,0.000608901
"307",1521,"1810037I17Rik",4935.379731,4.163523656,1.046528958,3.978412278,6.94e-05,0.001518731
"308",1522,"Sec24d",373.2679289,2.919788161,0.635882582,4.59170961,4.4e-06,0.000188734
"309",1524,"Ccdc109b",66.22339067,4.756472038,1.549392393,3.069895051,0.00214134,0.01895752
"310",1528,"Cenpe",141.1256861,3.958288001,0.986438419,4.012706647,6e-05,0.001358685
"311",1530,"Ddit4l",257.7621499,6.544608368,1.566313258,4.178352148,2.94e-05,0.000808742
"312",1536,"Gbp2",407.1265324,4.992202432,1.869149982,2.670841013,0.007566147,0.047627787
"313",1541,"Ttll7",302.9315656,4.409775996,0.802693941,5.493720294,3.94e-08,4.69e-06
"314",1544,"Depdc1a",58.87208236,6.488490222,1.640858806,3.954325747,7.68e-05,0.001633771
"315",1549,"Dpy19l4",138.7339953,2.403973067,0.789305932,3.045679716,0.00232155,0.020112683
"316",1550,"Rad54b",42.14239141,3.555090515,1.265761211,2.808658129,0.004974844,0.03489657
"317",1555,"Ttpa",293.6976948,2.078432979,0.642402802,3.235404597,0.001214705,0.012431488
"318",1563,"Ndufb6",1210.043074,2.831040513,0.996854383,2.839973983,0.004511721,0.032539017
"319",1565,"Aqp3",8434.399634,4.320425241,0.909960716,4.747925011,2.06e-06,0.000108915
"320",1575,"Melk",96.19381096,2.653737469,0.852364869,3.113382033,0.001849564,0.016980857
"321",1581,"Smc2",278.801068,4.816373347,0.90938239,5.29631253,1.18e-07,1.15e-05
"322",1582,"Fktn",51.33976304,4.533303812,1.417735216,3.197567333,0.001385921,0.013669165
"323",1583,"Tmem245",202.9526791,2.684324467,0.791690171,3.390624976,0.000697335,0.008340338
"324",1586,"Txn1",10173.10249,3.021317797,0.972509644,3.10672271,0.001891738,0.017211098
"325",1587,"Svep1",203.374283,7.421950029,1.270435107,5.842053631,5.16e-09,9.21e-07
"326",1589,"Ptgr1",2713.22698,3.031644949,1.044689479,2.901957959,0.003708383,0.028411834
"327",1601,"C630043F03Rik",90.86482583,4.312040184,0.9774454,4.411540718,1.03e-05,0.000356886
"328",1605,"Gm12603",30.08402044,12.86755174,3.4823287,3.695099702,0.000219801,0.003558063
"329",1610,"Ak4",486.2381105,2.549981632,0.614392863,4.150408939,3.32e-05,0.000890173
"330",1616,"Orc1",73.14171517,4.180887529,1.183656667,3.53217926,0.00041215,0.005701468
"331",1625,"Stil",32.80225717,4.760644427,1.560034356,3.05162794,0.00227604,0.019818959
"332",1628,"Rad54l",40.25332073,7.200067767,1.932940458,3.724929932,0.000195369,0.003243118
"333",1631,"Kif2c",110.3560405,4.161878034,1.202791851,3.460181437,0.000539812,0.006936759
"334",1634,"Cdc20",308.1608914,4.071531406,1.04086608,3.91167652,9.17e-05,0.001858268
"335",1637,"Slc2a1",2196.89537,2.16681746,0.741660497,2.921575936,0.003482654,0.02711768
"336",1646,"Clspn",76.87000603,3.051221986,1.062917803,2.870609542,0.004096812,0.030402659
"337",1676,"Pla2g2d",162.1006569,2.682441238,0.719208482,3.729713019,0.000191698,0.00322342
"338",1689,"Lzic",237.4413864,2.123978028,0.487411641,4.357667833,1.31e-05,0.000432622
"339",1692,"H6pd",180.7508699,4.559237682,0.998775657,4.564826595,5e-06,0.000208213
"340",1701,"Cdk6",69.61388433,2.772239091,0.798938351,3.469903637,0.000520645,0.006786934
"341",1704,"Dbf4",186.2593016,2.13495146,0.580604856,3.677116092,0.000235886,0.003731537
"342",1705,"Abcb1b",183.971447,2.544036569,0.784583892,3.242529695,0.001184736,0.012244928
"343",1707,"Gnai1",1089.012922,2.171572485,0.555663666,3.908069966,9.3e-05,0.001881416
"344",1717,"Cenpa",270.6625799,4.024289897,1.119292094,3.595388477,0.000323908,0.004795896
"345",1719,"Tcf23",269.6274993,6.672236607,1.029809993,6.479094835,9.23e-11,3.55e-08
"346",1720,"Cad",298.0237567,2.013611678,0.659150202,3.054860141,0.002251655,0.019651156
"347",1729,"Ppp2r2c",138.2751153,3.838431792,1.108962116,3.461283065,0.000537607,0.006914214
"348",1734,"Ncapg",65.63465397,7.205962155,1.774653912,4.0604887,4.9e-05,0.001177812
"349",1738,"Lgi2",157.5027776,13.37074142,3.390955613,3.943059993,8.04e-05,0.00169604
"350",1744,"Bend4",54.19561554,2.71506517,0.975393059,2.783560067,0.005376591,0.037177512
"351",1746,"Sgcb",277.4948964,2.321884423,0.732787686,3.168563647,0.001531942,0.014826459
"352",1752,"Ppat",129.4755597,3.542557579,1.131921973,3.129683549,0.001749947,0.016279768
"353",1755,"Cenpc1",118.8182317,2.146555135,0.734644951,2.921894625,0.003479092,0.02711469
"354",1756,"Uba6",241.3355972,2.215520152,0.564197781,3.926850168,8.61e-05,0.001785076
"355",1757,"Tmprss11b",123.1467776,6.187303918,2.061740468,3.001010075,0.002690857,0.022415054
"356",1760,"Epgn",1754.281689,3.422586098,0.884667548,3.868782239,0.00010938,0.002114548
"357",1761,"Ereg",4425.9576,3.401877779,0.590247946,5.763472454,8.24e-09,1.32e-06
"358",1764,"Cxcl9",341.8458273,7.988460747,2.286157947,3.494273332,0.000475354,0.006386116
"359",1765,"Cxcl10",223.2402878,4.860609835,1.56320218,3.109392948,0.001874722,0.017140157
"360",1766,"Cxcl11",73.80597111,9.163219402,3.293148443,2.782510282,0.005394016,0.037258708
"361",1770,"Antxr2",207.1182724,3.036227425,1.001474968,3.031755684,0.002431359,0.020790143
"362",1779,"Chek2",72.2247093,3.30932504,1.038008322,3.188148853,0.001431868,0.014016803
"363",1786,"2610524H06Rik",102.004058,2.115363514,0.680029656,3.110693036,0.001866489,0.017105583
"364",1794,"Kntc1",86.83324979,3.083094643,0.983884815,3.133593075,0.001726801,0.016202205
"365",1829,"C1galt1",156.8138267,2.269264775,0.729045596,3.112651374,0.001854149,0.017012786
"366",1832,"Cav2",946.7442355,2.447222114,0.751139669,3.258012077,0.001121956,0.011770202
"367",1834,"Ptprz1",223.1039447,7.08053671,1.032323992,6.858831886,6.94e-12,4.64e-09
"368",1837,"Lrrc4",193.6795253,2.659299932,0.918103905,2.89651304,0.00377335,0.028852045
"369",1839,"Agbl3",37.48771738,3.347979395,1.05659821,3.168640039,0.001531539,0.014826459
"370",1842,"Akr1d1",184.0674175,7.706830353,2.221541207,3.4691368,0.000522134,0.006789061
"371",1847,"E330009J07Rik",81.11872587,3.474296902,0.835217293,4.159752114,3.19e-05,0.000865099
"372",1859,"Abcg2",260.9410736,3.88646043,1.206913954,3.220163638,0.001281174,0.01292019
"373",1861,"Mad2l1",197.9390003,3.97313882,0.865940108,4.588237436,4.47e-06,0.000188736
"374",1864,"Mat2a",3361.93432,2.553465171,0.619089399,4.124549984,3.71e-05,0.000961107
"375",1866,"Hk2",1597.912266,2.716017527,0.85501026,3.176590567,0.001490173,0.014504409
"376",1872,"Mcm2",243.6407872,2.961856883,0.861553964,3.437807736,0.000586444,0.007327688
"377",1876,"Prickle2",562.2264852,3.077129853,0.617914081,4.979866859,6.36e-07,4.11e-05
"378",1878,"Kbtbd8",156.8042622,2.0697496,0.582753259,3.551674004,0.000382789,0.005411976
"379",1881,"0610040F04Rik",13.66506499,9.814199139,3.267116061,3.003933425,0.002665136,0.022261131
"380",1887,"Fancd2",38.42268656,3.411748716,1.163792931,2.931577107,0.003372456,0.026512164
"381",1895,"Cdca3",257.8897041,3.001395783,0.794949074,3.775582462,0.000159634,0.002842895
"382",1898,"Ncapd2",303.5855706,3.080142021,0.7558725,4.074949178,4.6e-05,0.00112273
"383",1900,"Rad51ap1",58.73746715,3.397778162,1.018698352,3.335411465,0.000851733,0.009614014
"384",1902,"Foxm1",153.897844,3.953548151,0.97881972,4.039097365,5.37e-05,0.001253281
"385",1903,"Clec2f",50.60651941,5.388566954,1.49808606,3.596967556,0.000321949,0.00478264
"386",1918,"Arntl2",244.2092327,2.634112139,0.973631186,2.705451691,0.006821157,0.044215251
"387",1938,"Zfp111",130.3702369,2.333742724,0.658077254,3.546305102,0.000390674,0.005478342
"388",1939,"Zfp108",45.35976454,4.20831541,1.311088501,3.209787445,0.001328332,0.013282452
"389",1946,"Cyp2b10",2036.885248,2.052184119,0.329137656,6.235032911,4.52e-10,1.2e-07
"390",1953,"Lgals7",68623.1813,2.065177538,0.636635069,3.243895345,0.001179071,0.012202785
"391",1960,"Wdr62",269.1458571,4.1415918,0.742731441,5.5761633,2.46e-08,3.2e-06
"392",1974,"Zfp719",130.1651217,2.379093725,0.573788409,4.146291014,3.38e-05,0.000901606
"393",1978,"Cpt1c",97.69876486,3.196027889,0.896940058,3.563256944,0.000366282,0.005246398
"394",1989,"E2f8",181.7404233,4.615927513,0.694156669,6.649691228,2.94e-11,1.61e-08
"395",1999,"Ticrr",40.86022182,4.438752265,1.445592053,3.070542797,0.002136701,0.018938265
"396",2002,"Prc1",295.3027893,4.259791918,0.843733512,5.048740931,4.45e-07,3.07e-05
"397",2004,"Bnc1",361.0355458,2.932328201,1.040288732,2.818763782,0.004820898,0.034096817
"398",2011,"Ddias",101.6135786,3.963552836,0.698264338,5.676292807,1.38e-08,1.94e-06
"399",2029,"Rnf141",57.96867838,4.703556174,1.417145848,3.31903465,0.000903292,0.010001944
"400",2040,"Palb2",42.4833068,2.812917885,1.051155232,2.676025196,0.007450104,0.04727145
"401",2041,"Plk1",79.04761883,6.511342806,1.576918987,4.129154927,3.64e-05,0.000951024
"402",2043,"Slc5a11",37.24015561,10.33170385,3.117977626,3.3135914,0.00092106,0.010147506
"403",2044,"Nsmce1",356.3529002,2.428996504,0.823866067,2.948290506,0.003195366,0.025568357
"404",2049,"Kif22",121.9012749,4.655256282,1.26211287,3.688462731,0.000225613,0.003623247
"405",2058,"Chst15",169.1190386,2.846842586,1.005515897,2.831225837,0.004636997,0.033162403
"406",2061,"Mki67",1121.512514,3.347301283,0.773724168,4.326220403,1.52e-05,0.000480684
"407",2062,"Mgmt",42.97969955,3.598561856,1.272676229,2.827554859,0.004690498,0.033467159
"408",2066,"Ifitm3",1624.550145,2.613805076,0.85811278,3.045992482,0.002319136,0.020112683
"409",2079,"Cd81",1014.036142,3.87102811,0.703564443,5.502023514,3.75e-08,4.58e-06
"410",2083,"Ccnd1",817.6670806,2.45566446,0.752357361,3.263960169,0.001098666,0.011605085
"411",2084,"Tpcn2",286.2293414,2.374599603,0.524036409,4.531363777,5.86e-06,0.000231539
"412",2086,"Shcbp1",93.79799996,3.274805148,0.828814722,3.951190852,7.78e-05,0.00165044
"413",2095,"Ckap2",265.4703019,5.002676621,0.903807635,5.535112152,3.11e-08,3.86e-06
"414",2109,"Tusc3",145.5101168,2.4727564,0.862895802,2.865648895,0.004161555,0.030668686
"415",2112,"Dctd",54.62836877,3.648098968,1.15847714,3.149047005,0.001638038,0.015568963
"416",2113,"Neil3",64.94590091,3.442019062,1.113428816,3.091368763,0.00199236,0.017959288
"417",2115,"Hpgd",433.8322102,3.386373028,0.575592452,5.883282546,4.02e-09,7.45e-07
"418",2118,"Sh3rf1",163.9327902,2.049353311,0.594759821,3.445682169,0.00056962,0.007199415
"419",2125,"Homer3",179.2175307,2.06611784,0.714637108,2.891142673,0.003838438,0.029126222
"420",2127,"Lsm4",1008.382612,2.174437093,0.694336617,3.131675674,0.001738118,0.016248863
"421",2134,"Ankle1",51.71922811,3.839738917,1.179822342,3.254506022,0.001135898,0.011875924
"422",2143,"Mcm5",327.0686079,3.966159359,0.90418117,4.386465335,1.15e-05,0.000390005
"423",2145,"Tmem184c",116.9016996,3.090062577,0.780238721,3.960406598,7.48e-05,0.001603826
"424",2154,"Asf1b",90.78620942,3.363061525,1.209732718,2.780003777,0.005435827,0.037513794
"425",2160,"Nod2",554.8239292,3.679290946,0.959887886,3.833042377,0.000126568,0.00237512
"426",2162,"Cpne2",130.2145449,3.651935086,1.075988012,3.39402953,0.000688723,0.008250178
"427",2172,"Has3",404.3447193,4.667118857,1.177260891,3.964387923,7.36e-05,0.001586143
"428",2174,"Nqo1",127.0765902,2.615675082,0.759912869,3.44207236,0.000577276,0.00724849
"429",2178,"Cmtr2",122.9213915,2.593142362,0.638343108,4.062301805,4.86e-05,0.001172368
"430",2181,"St3gal2",286.4513944,2.152509322,0.672098321,3.202670288,0.001361598,0.013553365
"431",2185,"Cenpn",51.6626191,2.88265626,0.95598931,3.015364535,0.002566706,0.021615178
"432",2192,"Gins2",66.63618651,2.501588152,0.928235153,2.694993983,0.00703899,0.045188906
"433",2195,"Slc7a5",274.8060305,2.089670989,0.710932636,2.939337546,0.003289146,0.02611605
"434",2204,"Tubb3",334.4306258,2.812563881,0.953117451,2.950910067,0.003168392,0.025401674
"435",2221,"Spc24",96.46377768,4.105994941,1.245846103,3.295748113,0.0009816,0.010684283
"436",2224,"Anln",324.0739431,4.141498176,1.083493888,3.822354903,0.000132183,0.002447601
"437",2229,"AI414108",61.22439738,5.046602701,1.511333665,3.339171765,0.000840286,0.009498458
"438",2234,"3110039I08Rik",383.6584939,4.009455061,0.754354002,5.31508423,1.07e-07,1.06e-05
"439",2237,"Mcam",190.2899931,6.753562813,1.147757938,5.884135138,4e-09,7.45e-07
"440",2238,"Cbl",164.6323538,3.604101589,1.325306073,2.719448482,0.006539088,0.04285682
"441",2239,"Abcg4",158.4193701,3.03014388,0.608172916,4.982372286,6.28e-07,4.07e-05
"442",2257,"Rcn2",337.9497256,2.016760232,0.744951172,2.70723815,0.006784557,0.044089579
"443",2259,"Tspan3",1059.366383,2.408857494,0.864319037,2.787000391,0.005319841,0.036845716
"444",2266,"Kif23",279.191669,2.469876441,0.74256056,3.326161627,0.000880509,0.009841844
"445",2269,"Zwilch",88.29976834,2.808646724,0.819764515,3.426162847,0.000612173,0.00752504
"446",2272,"Pif1",48.72092208,4.235451891,1.470059387,2.881143394,0.003962353,0.029706052
"447",2273,"2810417H13Rik",292.7749203,4.867089913,1.222182299,3.982294555,6.83e-05,0.00150069
"448",2274,"Fam96a",698.1992808,2.686254708,0.731604936,3.671728518,0.000240916,0.003788598
"449",2275,"Car12",1938.319785,3.461741899,0.761432985,4.546351376,5.46e-06,0.000219524
"450",2278,"Ccnb2",163.3975974,3.930967859,1.030754288,3.813680819,0.000136912,0.002516991
"451",2284,"Fam83b",836.81357,3.676101255,1.274900809,2.883440993,0.003933563,0.029566097
"452",2290,"Rbp1",1158.555666,4.146320124,1.204351701,3.442781806,0.000575764,0.007241335
"453",2291,"Rbp2",2676.924819,3.600067393,1.068907308,3.367988381,0.000757188,0.008809402
"454",2294,"Ky",148.7576534,8.970013256,3.190020335,2.811898457,0.004925005,0.03464183
"455",2308,"Traip",69.5529218,3.656408645,1.102364162,3.316879096,0.00091029,0.01005769
"456",2310,"Gpx1",12666.06527,4.523776857,0.991695644,4.561658493,5.08e-06,0.000210809
"457",2330,"Higd1a",4543.700767,2.596229718,0.75468227,3.440162596,0.000581365,0.007293874
"458",2332,"Kif15",146.3053795,4.606326127,1.149130126,4.008533083,6.11e-05,0.001374818
"459",2337,"Nudt11",45.4408491,5.002721092,1.130410611,4.425578672,9.62e-06,0.000338273
"460",2339,"Clcn5",135.5210326,3.419165243,1.276960652,2.677580737,0.007415598,0.047095175
"461",2340,"Plp2",1457.562069,2.18062992,0.484322286,4.50243564,6.72e-06,0.000255563
"462",2353,"Zfp280c",185.0752037,2.21964341,0.624675428,3.553274723,0.000380467,0.005403504
"463",2354,"Slc25a14",79.08327118,2.574285464,0.859182839,2.996202145,0.002733652,0.022674852
"464",2357,"Hprt",1618.442253,2.565476461,0.590392694,4.34537298,1.39e-05,0.000448927
"465",2363,"Xlr4b",50.54113414,3.726211045,1.065137063,3.498339487,0.000468165,0.006328254
"466",2364,"Xlr4c",32.59973033,4.200739881,1.418814259,2.960739825,0.003069011,0.024798962
"467",2368,"Mpp1",799.2474932,3.016560809,0.593120259,5.085917671,3.66e-07,2.66e-05
"468",2369,"Fundc2",651.1775428,2.772295053,0.683597739,4.055447957,5e-05,0.001186788
"469",2370,"Gyk",1118.980953,3.410184041,0.432213042,7.890053536,3.02e-15,5.5e-12
"470",2374,"Eda2r",182.5616754,7.64347747,0.943799929,8.09862052,5.56e-16,1.22e-12
"471",2377,"Gjb1",97.16404129,5.817661027,1.139538914,5.105276315,3.3e-07,2.51e-05
"472",2379,"Ercc6l",64.44765395,6.313117959,1.711937111,3.687704366,0.000226286,0.003630266
"473",2381,"Uprt",15.39807881,11.31501062,3.15908994,3.581731079,0.000341325,0.004989026
"474",2384,"Cox7b",4380.841751,2.479190473,0.8341418,2.972145109,0.002957269,0.024137156
"475",2388,"Gm6377",11.10406171,8.411617925,3.109819772,2.704857047,0.006833379,0.044254973
"476",2392,"Timm8a1",692.0246358,2.068316112,0.598616571,3.455160131,0.000549966,0.00702029
"477",2397,"Prps1",216.3401526,2.146702537,0.699072293,3.070787611,0.00213495,0.018938265
"478",2403,"Sat1",3571.048262,2.139529452,0.59452725,3.598707126,0.000319803,0.004762649
"479",2412,"Prps2",173.1094545,3.173340087,0.70819019,4.48091506,7.43e-06,0.000275248
